ID,occ_1,occ_2,occ_3,occ_4,occ_5
TFU2SNX1SE3X,27121210,32131011,32161416,19101010,23171541
KA65FZ2RIMC6,23171712,23171524,23171541,22101213,19111012
5RY27VMVWJMV,32121312,17151010,32161010,36111110,25111310
VL9V73PUWSXV,32131011,27121210,21131110,32161416,32131210
AJSPJ00VMPQY,14111117,23171524,27121210,32151013,19101010
MYX444NLZ15B,27111222,27121313,27121210,32131011,32161416
8NOZEMDMZ5RG,19111012,19111011,19111010,27121210,11151110
OYS78YP5SSM0,21131010,32151018,21131110,16141210,32101010
O5URTXUYUCEC,27121210,32131011,23111310,32161416,19101010
0THL2C53K9OM,32161416,19141311,27121210,27111320,19101010
SB0UKOEFUKPV,19141311,19141112,27121210,19101010,32131011
A0C0FOSH4LV7,23151010,27111320,19161111,12101212,27121210
BGRXH5LQXXEG,27121210,27121313,27111214,27111222,32161416
WEFKF4HN6MGW,15111013,32161416,19111010,19101010,27121210
WBQHSMCRCUN9,32151018,32161416,19101010,19111010,27121210
NNGH8RIEC4D1,15111011,32171011,32121010,23171524,15101010
4MHXSG5U4UV5,23171521,23151016,23151010,23171541,32161416
PAUA3AIPJIYL,23171541,16141210,23171524,19101010,23171712
T4RK9FFY71KN,32161416,24161010,11221117,19111011,15111013
MHF5OX05ZHI6,27121210,32161416,27111222,11221117,19101010
FW0C20X450UH,23161015,23161012,20291110,19101010,19111010
H6AAF28NWNL2,27121510,32161416,27121210,19101010,27101024
L3G0D2AOBLJ0,32171022,32151018,32131526,32171024,25111610
V395ZDHZ6M9B,32131526,27111210,19141311,32161416,19141314
FHOE3MXZJFY4,27101212,32161416,27121210,32131011,23111310
N3DKVR5NBHGP,32161416,23151010,36111110,23171521,26131114
YGSKQYP891XS,27121210,32131011,16141210,19101010,27101110
SMWPQ82K8RYQ,21131110,27121210,32161416,32131011,21121010
ZSD1FIMTB6T9,32161416,19101010,19111010,27121210,32131011
0JNSPSKTRCGS,32161416,26131114,23171521,32151013,27121313
NYCTOPST9LIF,27111320,19141311,19101010,32131011,15111013
LOA8O34LPQK5,23171541,19101010,19141311,32161416,32101010
G3DCMYXBD07Q,27101212,23161012,23171541,32121010,32131011
EA329HF1PW26,19111011,32161416,19101010,19111010,36161120
5WJ0VSGHJUCF,23171810,23171541,23111310,23101010,25111110
7VKC5BNZ72WU,11211010,23121010,23171541,32161416,26151214
E74AHJOYSJ8O,32161416,19101010,27121210,32131011,19111010
RSJJ8EK38CJT,27121210,32131526,32131011,32131520,27121313
36ZX1TV18KGY,15111013,19161111,27121313,19121416,32161416
4UNFFQI1HF2Y,19111011,19111012,19101010,19111010,19131211
57CNKWSTVS9Q,11221117,14111117,14111115,32131011,14111210
ADUSQB00G9E0,23151010,23171541,19111012,23171543,19111010
JO7RJTMG6T7C,27121210,32131011,11221117,19101010,32161416
SH3MOKBMJLUU,23171528,23171710,21131010,19131211,22101214
U0ENV5SN961J,19111012,19111010,32161416,19101010,19111011
2RRA3PLCGQLL,25111110,27111222,27121313,27121210,32131011
IG6UO3ZIN1A7,19101010,19141110,32121010,19101710,23121010
P4NVV78ZOHEO,19111010,19111012,19101010,32161416,36111110
KPL3CHO3XJVO,25111518,25111610,32171011,32131510,25111110
M7TH9IIUKCUM,27111222,27121210,32131011,27121313,19131211
SUL8SNW74YRT,19111011,19111010,19141311,19101010,27121210
9547KPUWFBQ2,23171541,19141311,19101010,27121210,36161120
SR7SH2C23U2G,19111012,19111010,19111011,12131213,32161416
95NA2FQZTIO4,27121210,32131011,27121313,16141210,27121510
9T84AZYTJXEP,32161416,23171310,27111320,19101010,11221117
UQDN05XT54FN,19111010,32161416,19111011,26131114,27121210
PJRHT7ZEWVIY,19111010,19101010,19111011,19111012,19141311
6C0OX87CZR7X,25111110,19111012,19101010,27121210,26131114
RABR6RTC0Z7Q,27121210,32131011,19101010,27111222,26151117
O11IF24HYG1H,20341110,23161012,25111110,22111215,20251510
RRPZLK3E4XYF,32161416,27121210,19101010,19111010,19121011
O4KVFFLNCC2A,19101010,19111010,32161416,19111012,20311610
HE7UR23GDPPQ,19111012,19111011,19111010,19101010,19141311
HFUEZ5LWDIJV,32131011,27121210,27121313,27111214,32101110
GPS0132AN417,32161416,19111010,19111012,19101010,23151010
MNI3GOM6736Z,32161416,27121210,32151013,11211010,32131011
EX7TV7HRBFGC,32131612,32131520,32131611,32161416,19111010
0YS1SBDXG97S,32161416,11221117,27121210,23171524,14111210
I47C9UGZ40ZV,32121312,32151013,27121321,23151010,27111223
BMWMNOHG3VTL,19131211,27121210,23171541,19141112,27111320
UONEW4MWOCKI,32161416,32131011,27121210,19101010,23171541
EFJRPD5L8F1B,32161416,23171521,23171541,27101212,22101214
AOIM458AX40D,32161416,19101010,27121210,32131011,19111010
CMOQ5PLWQNV5,19111011,19111012,19111010,27121210,32131526
GO6ZHDQAIBHY,11221117,32131011,27121210,32161416,16141110
7XOLXCY6FD62,27121210,32131011,32161416,27111222,19101010
3K8A7RV4NMWV,27111222,19111010,19101010,15111011,32131526
53YKYYDU3ASN,21131110,32161416,27121210,32131011,36161124
O9RE3DVSB58Z,27111320,19141311,19101010,19111010,23151016
O2DE83QUV5F3,32161416,16141210,32151018,32151014,36161117
8Z2N4XXZU368,27121313,27111214,27111222,27121210,32131011
RVILAP1J55CU,19141311,19111012,19101010,19111010,21111110
ASHVFHZLA6OV,27121210,32161416,32131526,32101010,32131011
47EN48NYSJ5Y,23171524,32161416,23171541,23111310,23171521
V5QIN7ZXFMX9,23171541,27121210,25111110,19101010,19111010
A5QUB00MF9AW,19111012,19101010,19141311,23171810,23171541
OKEP7Y6WKTAK,12131213,19111011,19111012,19111010,32171011
M75PSZ1CTW68,25111110,23171541,32131011,27121210,16141210
J0LEBN52KOCW,12101310,32161416,12101212,19111010,27111320
T1WW8PAWHLQ7,32171011,32131526,32101010,23151215,27121210
M31SK0540SEJ,22101214,22111215,23161012,19131211,32151018
PUXQPHR62GDS,23171524,16141210,19101010,12101212,19111010
JNVWRXGKIKR2,21131110,21131010,23161012,16141210,23121010
BLBZ5NTDYWM8,32161416,32161010,25111110,21131110,32121312
AG281VFUBO3V,21131010,32131526,23171524,32161416,23171541
F5GZPL1QWEEH,21111110,32161010,23171810,32161416,27121210
FTIXDWR024LP,16141210,23171524,32131011,27121210,19101010
D1WCRV68JQ12,23121010,19161111,23171541,19161012,32161416
SJ8BFI8OJGZA,27121210,32131011,19101010,19111010,32131311
KDUWTN5PEPL7,11151110,32131526,32161416,27121210,32101010
HXODLCTT058C,19111011,19111010,32131011,27121210,19101010
70TE8Z2GFQNB,19141112,23151010,32161416,19181312,19101010
CS5834BK6DHX,27121210,32161416,32161415,32131011,32151013
6KF1622VXYZX,25111110,32131011,16141210,19101010,32161419
1C2ZL46Q5GQQ,23161015,15111013,23161012,19101010,32161416
CPUGCGIZZM39,32171011,32161416,32131011,19131211,27121210
2PMB6XGK6YUL,21131110,27121210,32161416,21131010,19101010
1EBVFWB5HSTS,32161416,26131114,21121010,21121210,16141210
6DF08UPNZASY,21131010,32161416,27121210,32131011,23131115
VRCTLT4Q9BC2,16141210,32131011,32161416,27121210,16141110
QIGBU990MZ9H,12101212,23171810,23171541,25111518,25111110
M7PP0PNNLO0H,27121210,32131011,19111011,27121510,19161111
IURPV2WJ6O6U,23171541,32161416,11221117,25111610,32101110
TC7I85H6YYDC,19101010,19141311,23151114,32131011,32131111
1QI5J32M7FCG,32161416,21131110,23171541,27121210,32151014
0GM62S60YUP1,19101010,32161416,16141210,32131011,32101010
YGYNKIV90H7J,19111011,23151111,23151114,23151116,19101010
J9HVCHRM3WP8,19111012,19111010,19101010,19111011,32161416
L8XAFSUMUXQJ,32161416,23171521,27121210,32131011,32121010
D32LX2TOOWT9,32151014,15111013,17171610,22111415,32161416
5VYK7CF2J4L3,23151010,23171521,21131110,19101010,23171710
4YQJGVCBIKPD,21131110,32161416,27121210,19101010,23101010
46X1W1QXPH1Y,23171541,32131011,12101212,19101010,27121210
PGN3S2W1IXU1,27111214,27111222,27121313,27121210,32161416
1DNTCAGRP2U4,19111011,19111010,32171011,32101110,19111012
YGC9G6Q62RXY,12131213,12101212,27111214,12101310,27111222
YN2YJW20C1N0,19101010,19141311,19111010,32161416,19131211
CTPVEV64GROA,25111110,26141910,27121210,32131011,32101110
OIZU7N9EN0KE,19111010,19101010,19111011,32161416,27121210
5R0PNF3VCLHO,27111214,19111012,19101010,23151016,32161416
RR49HQWP8XFA,23161012,23161015,32131526,32171011,32131510
4XEKZ83Y0224,23121010,27121313,32161416,23111310,27121210
RUD24DKRF4FX,27111214,27121313,32161416,27111222,19101010
5JAMSLSLEKFO,19111011,19111012,19101010,19111010,19141311
A1LSZKZN0LYI,19111011,19111010,19111012,19101010,32161416
Y0RCNJ6BRJDN,25111110,32151018,11151110,32161416,22101214
A2WSFJDBE2X8,27111222,27121313,27121210,27101212,32131011
VM8TNAWVDZV1,23171541,32161416,27111320,19101010,27121210
8SUOC1Y5AYYO,23171524,23171541,32161416,27121313,36161120
HHX2X5DAOK3F,27121210,32131011,19101010,19141311,32101110
GMUCJI7EKVZA,32101010,32101110,32171011,32131526,27121210
2HNSQLNAP8ME,32131520,32131526,27121210,23171541,32101010
4T355HSS7NW0,27121210,27111222,27121313,32131011,23151112
DL4YCPUUKBI7,23161012,27111214,27121313,32161416,32101110
1YAUA8D7204J,19111012,19101010,23171524,32161416,27121210
BBKV0X96KNPX,27121210,27111222,32161416,19101010,27111214
R78L1MRD8JPA,32151013,32161415,32121312,26131114,27111214
8NA164S6C6RB,32131526,32151014,32161416,32171022,32151018
CTEL745CSF0A,32131011,19111010,19101010,15111013,27121210
6YY5XHQ3U91F,32131011,16141210,32161416,27121210,36111110
TTTQWH40W6A7,32161416,19101010,27121210,32131011,19111010
KG84YNERV8JH,19101010,32161311,32161416,32131011,27121210
7ZTRJ67DXLSE,27121210,19101010,32131011,32161416,27121313
CCRBF4AF3QHY,21111510,20251010,21121010,21131010,21131110
C5P2UR3FCR5V,11221117,32161416,23171524,19111012,32131111
CD1W6RUD5WC9,23171541,27121210,32131011,32161416,32151014
5CAEELSX52GW,27121210,23171524,32131011,27111222,32131111
JXZDVYB4XZ3M,23171541,27121210,32131011,19111010,32161415
D3IIA38K0HF3,32131510,32171011,32131526,32131520,32161416
K30LVYLKFXHK,14111117,32171011,32131526,14111115,14111210
PCEO934T3Y4W,19111011,19111010,19111012,19101010,12131213
74VMBLCW0DPD,23171712,27111214,23171524,23171541,32101110
VDHR59C81DO6,23171524,23151010,23171541,23171710,23171510
2Y8LZ8CV2A6P,32161416,25111110,23171524,25111610,16141210
C94TWKC031VG,19101010,19141311,23161012,32161416,32121010
IDFWA88D0MZH,16141210,19101010,27121210,19141311,19111010
RE14JZ4JKA0J,19101010,19141311,19111012,19111010,26131114
8Z1XIE39ZVYE,23171524,23171712,32131011,23171541,27121210
6RV9777TNQET,12101212,12101310,32161416,27121210,16141210
4GC4RYG9RDPX,19111011,25111110,23121010,32161416,25111518
ESTAZALHTTOS,32131011,32161416,19101010,19111010,19111011
173C7Q25Y7KH,19101010,23171524,19111012,32131011,19141311
7MZAKGMIH6MV,32171011,27121210,19111011,19111010,32161416
ZS9MTHD3IGK3,27121210,27111222,32131011,19101010,16141210
O1NNJ5RXC4XJ,36111110,32161416,11191210,27111222,19101010
FDXK31WBHTFN,36161117,36161112,36161120,36161124,19111011
1SA3Y5T37SZP,32151014,32121312,32161416,21161310,18151214
G727NK81TNAG,19111012,19141311,19101010,27121210,19111010
5QMKTGV44FTJ,26131114,32151013,32161416,32161415,19111010
K9QM3P91I3VM,25111110,32161416,32131011,23171310,25111610
1U86AG3U1SWY,20251010,21111510,21121010,20251510,21131110
YHRJRRIDMI24,32171028,23171712,23171541,23171524,23171521
3BQHOK3ZY5SR,15111011,27121210,19111012,19101010,11221117
Y4GWDSHLLSHW,25111610,32131011,25101110,16141210,27121210
OY7GNJZ2HO7D,27121210,32131011,19101010,32161416,32101110
N1U3493WXA73,19111011,12131213,19101010,19111010,19111012
FI4X65ECC7JB,19111011,23171541,12101212,32161416,27121210
URMYBD2QE4PA,19111010,19101010,32161416,19111011,16141210
B0ORR5SR5ET3,32131011,27121210,21131110,16141210,32161416
724D6GQ2WIPP,32161416,23171310,19101010,19111010,19111012
1DGEJ1DG6FWR,15111011,15111013,36111110,32161416,19101010
DTJVZHWJR64D,23121010,23101010,27121210,27111222,27121322
Y525FNSCQQAV,27121210,32131011,27101212,21131010,27111222
9MW68M1INUFN,21121010,21121210,23171541,21121110,21131110
VDSIZB25JT3M,12131213,11181013,23131115,19111011,19111010
RGYGO2YPE4CW,19111011,19111010,19111012,19121416,32121010
CKBQRGERY74R,27111214,27121210,27121313,32131011,32101110
7Y2ITL8N3E54,19111011,19111010,19111012,32161416,19101010
GE67SNVCE8XP,11211010,23171521,23171528,36161117,23171541
FVTACBLQI1N6,19101010,32131011,27121210,19111012,19141311
IUYD7RINA0VL,19111010,19111012,19111011,19101022,11151110
R17H4GYMRRQS,32131011,27121210,27111222,19101010,19141311
N6NBYZM242OM,19141311,19101010,19141112,19141110,27121210
5A8SM0D48EGJ,25111110,25111518,25131710,32161416,27121313
XQLLOPEYP78B,19141112,23171511,23171524,23171541,19131211
E9LAODEZT07B,23171541,27121210,32131526,32161416,23171524
TX6QCALUK873,19111011,32161416,19101010,19141311,19111010
80ET4084W5PR,27111222,27111214,32161311,27121313,19121416
W41F7V4K88K6,19111011,19111010,27101212,27121510,19101010
FDDSY1ZY6N78,19101010,32161416,19111011,19111010,32171022
U943FWJBUOEY,19141311,19101010,19141112,19131211,19111010
8A2VZPY9QZO7,32161416,32151013,19111010,19111012,19101010
4KNPI91PY9T2,19131211,21121110,27121210,19141311,19101010
D1GAFUNH7I3W,16141210,27121313,23101010,23111310,23171541
2JBTZGTLD6F0,23171712,23171524,23171716,23171714,27101020
GU5IO8VE6UXT,23161015,23161012,15111013,32161416,26131114
3HCDI74KZT22,16141210,19111011,12101212,19111010,23151115
R0FZAUXBGK2W,19101010,19111010,32131011,19111012,19131211
VI0OYEIC0OQF,32101010,27111320,23171541,23131115,19101010
27EVCNQIYFTL,32171011,32131526,32101110,32161416,32131510
KJFPYTYOVVT2,22111215,22101214,32151014,32161416,22101213
PR4TW5S63RH5,12131213,21121410,21121010,32161010,32121312
60V33LIFNCRN,23171521,27121210,23171710,27111222,27121313
QBA3RNQF3ADT,19141311,19101010,19141112,23151215,32161416
COMMN9TWN7GW,32161415,19111011,32161416,27111222,27121313
S3M5OUROL6BI,21131110,32161416,19101010,27121210,32131011
7D9ALK7YBZGA,32161416,19101010,19111010,23151215,23171541
PYMA1T6SIF6D,23151010,23171521,19111011,32161416,32131510
FX7XJZ6US7RP,32161416,27121210,19101010,32131011,19111012
5SEFMM3JT4LM,19101010,19141110,19141311,32161416,23151111
K0AXYCELOS6Z,32131526,32161416,27121210,27101212,32131011
IHDZSNOL8WKF,27121210,32131011,16141210,32161416,36111110
G2QZW3C1QKBH,23151010,23171521,19101010,32161416,32161311
5LO9J5RWHHI4,23171710,23151010,23171521,23151016,19101010
TYX2CB2PN4U6,32161416,23161012,11221117,20311610,27121210
LIZ63IVV1ERK,25111110,23151215,23171541,19101010,32131111
OYC3RWQMMU7J,23171712,25111610,25111518,25111110,23171541
6XB1Z337C7NX,11221117,32161416,27121210,27121313,32131111
OV50EW25X1FV,32161416,27121210,26131114,32151013,27121313
TUWFV2TTUSWE,26131114,32131526,32151013,32101110,32161416
SD8P4XTKXGY9,27121313,27111214,32131011,27121210,19111010
0TW87S34876K,16141210,23171541,27121210,32131011,23171810
BER5XEJ2VBQK,32131011,27121210,16141210,32161416,23111310
GBJ72BTQ8232,23161015,23161012,32101010,32131011,16141210
VQ4RKP3WUDE7,19111011,19111010,19101010,32161416,23171524
RHOCN9J2QP89,21131010,32161416,16141210,32131011,19111010
ZNI37ZCGACEP,27101212,27121210,32131011,32151018,26131114
QBDO8T8MVW5O,19141311,19101010,23171524,19111010,19111011
GLH62C9T199D,19121416,19161111,32161416,23171541,27121210
BFA37DL9FC1X,32131526,32101010,23171712,32161416,23131116
YXDW2ZCFZW0L,19111011,27121210,19101010,19111010,32131011
ZHDV5OJZTO7D,32161416,27121210,16141210,23171541,32131526
JQ9RVN97Y8XL,19101010,19141311,27121210,32131011,32101010
HJ99VAEJVOBV,11221117,23161015,23161012,32131111,32161416
TLOM344MW04I,19111011,19111010,19101010,19111012,19131211
TXW1VZC7D2KD,27121210,27121313,27111214,32131011,21131010
RMHRCNBH6NQQ,16141210,19111012,19101010,32161416,19141112
R0M6HZ72KXSJ,32131526,32131011,27121210,16141210,32161311
XI8E55325CAM,19111011,19111012,19101010,19111010,26141910
0I9BL14HOAE5,23161015,11221117,23161012,32161416,12101212
ECFVSJW7TBDD,23171710,23171510,23171524,23171541,19111012
HYCX8AE0JXYO,27101212,24161219,32131111,32151018,19121011
1POXRTEO2T8F,27111214,27121313,27111222,27121210,27121013
X8U73NKBF2E6,32161416,19101010,19111010,11221117,19111012
Z6FP9XAQS3TG,32161416,19101010,19141311,32121312,11211010
BTGDJZ0IFRML,32161311,23171541,23171524,23171810,27121210
Y5SIC4S8PNNE,23171541,23171810,12101212,19101010,27121210
GZ3FPXRTZW44,27121510,27121210,32131011,27101212,27101024
P47LZ0O158J8,19101010,19141311,32161416,23171310,27121313
8FBFFHEYZQQX,19111011,19111010,23171524,23171712,19101010
QAELYYZZ0JDC,27121210,27111214,27121313,11151110,27111222
URTP0LZJJEGE,19121416,19101010,23171541,27121210,19141112
HLI5L692TULG,27111222,32131011,16141210,27121210,19101010
3T9LP2E2ASOE,21121210,21131110,32161416,32161010,27111222
I6FQJJA26YFP,21131010,32131520,32161010,21131110,13141111
1WOO0HLLSSG7,19121416,12131213,27111214,12101212,19161111
G24479QTKCD0,27121210,19181312,32131011,19161012,27121313
K0Q09JRNAMZ6,32171011,23121010,19141311,19101010,32101110
IJAM31BXPGWJ,27111214,27121210,27121313,27111222,36161117
Q21G07HPNPK2,27111222,27121210,32131011,27121313,19161012
XQ7BZEGBL2QG,23161012,23161015,11151110,19141311,19101010
TXX6LK7IAZGQ,16141210,16141110,32131011,27121210,27101110
2Z1K3BDGRB2D,32161416,23171541,19141311,23171524,32161311
XU11TO0BOGCC,19101010,19141311,19111010,19111011,19111012
LE6KWHEF0VOT,23171524,23171712,23171510,23171541,23131116
4L2E4F4N3ZA0,23161015,25111110,19101010,27121210,32121010
T1GHR09SKDGI,32161416,23171712,23131116,32131526,32101010
5T6V8VLQ3VXH,32131526,32131520,32161416,15111013,32171011
BC2SWSOZCTWJ,32131011,23161015,23161012,23171541,32161416
W7Y8AUBPM9DB,19101010,19141311,19111010,19111012,27111222
ID25OWF75935,26131114,32161416,32151013,27121210,16141210
S6GKJ71K16Y0,32161416,19141311,19101010,32131526,21121010
EQ8DH9PTFNM8,23111310,27121210,32131011,16141210,36111110
AZ39PECN0DL5,23171541,27121210,16141210,32161416,23121010
T2G43154MAPH,11211010,32161416,19101010,27121210,21131010
SKHKXVS6AYLL,27111214,27111222,23171710,27121210,27121313
NISOSZ0D3MPV,27121210,32131011,16141210,23171541,23171524
JUM9YJ42DV9U,32131011,27121210,23151115,23151114,32161416
4DTO8UFLV4BA,32161416,19101010,32131526,21131010,27121210
IJARTA4PN9A7,27121210,32131011,23171541,16141210,32101110
WUQAYGI0P0HI,27111214,27121313,27121210,32131011,32131111
3RM6ZGEVM4OI,32131526,32161416,32131520,21131110,27121210
4AJMMUZUQED0,36111110,11121110,32161010,26102110,32121312
QXIWE6RGL7JY,26131114,36111110,32151013,32161416,27121313
61NHVCFWR2F5,11151110,32121312,11151010,23171521,32161416
21E5J7O6RHD5,32161311,25131710,25131410,25131810,32161416
YRR4CKCEKKLM,32161416,19101010,19111012,19111010,12101212
JH9PO2UBATPZ,26131114,32161416,32151013,19111012,19111010
AFEYUHZ1GV0E,36111110,11121110,17121013,32161416,16141210
P5MZ6W3CO8PE,19141311,19101010,19111012,19111010,23171541
Z3BG52IB4TCT,27121210,32161416,32131011,19101010,16141210
5TBDJGGGU5RP,23141011,23121010,23111410,19101314,32161416
AI2278EQE12Q,23171541,32161416,32131011,19101010,23161015
8KY4YUOWZIUT,32161416,27121210,32131011,27121313,32131526
YMYRSVZN4REG,27111222,27121210,32131011,19101010,32161416
8YATYE737FEN,32161416,25111110,27121210,27121313,25111610
LF9YXAM97YOF,25111110,23121010,32161416,23111310,25111610
DKEJP5K7917X,19101010,19111010,19111012,14111210,19111011
1XERP3LYEX3S,23171710,23171541,19141311,19101010,32131111
RRN5N5EHQ403,23121010,19101010,23111410,36101110,23121311
SD4TR4GSE74V,23121010,26131114,23101010,32161416,25111110
Q7GXFXLX4UZI,23131115,21131110,19111011,32161416,23131110
RZJK9E0OAWHN,23171810,32161416,23171541,25111310,27111222
55IZOLNNTXRG,19101010,27121210,19141311,27121313,11221117
3PT5R5RC6ZS6,12101212,23171310,23171541,27111320,12101310
JMKJLNDITN5K,27111320,23121311,23111310,23121010,19101010
LX2CRL39YR8H,16141110,21131010,21131110,21111110,16141210
13QVBNK0SCJW,22111215,22101214,22101213,23171541,32161416
WEDF43390F8N,23171541,27111320,32161416,27121210,32131011
H97Y8PZL99UJ,23161012,19141311,19101010,12101212,27121210
XFSHWZSJQ77Z,27121313,32131011,27121210,27111222,32161416
HS7AUIGJD3X4,19121011,19121416,19161111,32131312,27111320
LED0Z4ZMPRGA,19161012,26141210,23171712,19181312,26141910
Q2YVMZA5W8VL,21131110,21131010,21111510,11221117,32161416
BLC09E0VIVII,23171541,27111320,19141311,23171524,19101010
FQGDM1IYKU9I,12101212,27121210,23171541,19101010,12101010
XF445CRI8BIX,32161416,19111011,23151215,11221117,32131111
MZ2CAO1KVLDH,23161012,11151110,27121313,27121210,27111222
HZFFGHF3OBS0,19101010,23171310,19141311,27121210,32161416
BBXUX1OXRWK8,19111012,19111010,19101010,27121210,32131011
FFZ8Q4VHU4BA,23171524,19101010,23171541,23131116,23171712
74ADD0GN7RVX,23171541,27121210,32161416,27111320,32131011
YS5THU4TGVXK,27111222,27121210,32161416,27121313,27111214
FCUZLZOO0AHW,16141210,23171521,12101212,19101010,19141311
GH30153SFLSE,11221117,14111210,23171541,32161416,14111117
5BWNE4Q77AG3,16141210,32131011,27121210,19101010,15111013
3XKKJLIVBCNK,23171521,32161416,27121210,19101010,23171541
187OZYMUZZO1,19111011,27121210,32131011,19131211,32161416
EBJVNFOWAPCQ,27121210,27121313,27111214,19101010,19111010
9KWV08HHXFGC,32161416,27111222,19111010,27121313,23171712
IZ7TFP3G21CQ,32131526,27121210,32131011,16141210,32161416
M8LHPWF5XK1S,23171541,11221117,32161416,27121210,32121312
GJ78JP3HTNCV,32131011,16141210,32171011,27121210,32161416
DQZ05EV5KZ3N,32161416,32131526,19101010,16141210,32131011
F1PT6TROUWFI,23171541,19111010,19101010,19111012,27121210
730KF8VD3RRJ,27121210,19101010,32161416,19111010,19111012
M9XXK7TTMA00,19101010,19141311,19141110,19101314,19131211
2XE0JDCZ1OA3,32161416,32131526,27121210,32131011,32101110
SX0BJCKJCO6M,32171011,32101110,32131011,19141311,19101010
C58CU47SOCZD,27111214,27121313,27111222,27121210,32161416
82CUDLD5CXBB,11221117,23131115,23171611,27121210,32131011
CU5SXQKQBKUR,11221117,27121313,32161416,27121210,32121312
YH5HOA7WKDPE,19101010,27121210,19111010,32131011,23101010
V5G10UR5L8A7,32131011,27111320,27121210,19101010,11221117
R0XAFGOVCCI6,23171528,27121210,27111222,23171541,21121210
R4ZGMS66KE6Z,12101212,12101310,32161416,27121313,21141810
GBUKCNYDI9WM,32171022,25131710,27111222,27121210,32131011
Z17A8RNXPWNU,23171524,32161416,23171541,27121210,25111518
RF04F69AC9T6,27121210,16141210,32131011,32161416,27121313
W8BTTCNO3FEU,23171524,32131011,23171541,19101010,32161416
VHDK8LW2LM34,19101010,27111222,27121313,27111214,27121210
PHT0HL9XPSEI,19101010,27121313,27111222,19111011,32161416
9M0P875KNORT,27121510,22101213,32131011,27121210,19101010
5CCASBUOV6TT,23161012,11221117,23161015,21131110,32161416
5CFV2VYN1KJS,32161416,27121210,32131011,32131526,19111010
4PU6W93K8EKT,15111013,32161416,19101010,32101110,27121210
QU7DKNNCPTKE,27111214,32161416,27111222,27121210,32161311
9UE421VMEFOZ,19131211,27121510,27121210,27111222,32131011
VZHQJY62ZEEQ,27121510,19121416,32161416,27121210,32101110
BRU2QLC65Q2E,19111011,19111010,19111012,19101010,27121210
46NZ3HA6CBB3,27111214,27121313,27121210,32151014,27111222
7G2RE6ZVLHYL,23131115,32161416,23171541,27121210,23171712
59Q7S44Z78IY,23171541,23171524,27111320,32161416,23171310
8VAQVBDIM28A,27111214,27111222,27121313,27121210,32131011
SU2MA90DS1BH,32171011,25111518,27121210,32131011,19101010
RFQX780TIJ7K,19111010,19111012,15111013,15111011,23171521
W78F6M1DALPB,23111310,32151018,23121010,32161416,32131011
UN6FHT60KUSF,21121010,23121010,32131516,32131512,19141311
MXLVZ4QKE2GJ,32161416,19101010,27121210,16141210,32151014
UZA9QVEFHX0Z,19111010,32161416,19101010,19111012,19111011
5BWIKOTCKEH5,32161416,26131114,19111010,19111011,32151013
YJ38XRG2GZR7,32131520,32131526,32131612,25111610,32161416
6M1FMPRYFZMY,32161416,19161111,32151014,32121312,32121010
N55EJ1YLJZCC,23161012,23171541,19101010,27121210,32101110
ZJ2L72V08KTR,19141110,19101314,23171524,23171716,19141311
OHFDDVSZ2TVH,23131312,22101214,22111215,32151018,22101213
SKFNNMLWVAPF,19101010,19141311,21131010,19131211,19111012
U46U15UTSU3W,27121210,27111222,27111214,27121313,23151010
R8T9450XPOI7,23171712,23171541,32161416,19121416,32131011
EZRRCFPLBXL3,32161416,23151115,32151014,32171022,27111222
SOS0ZXKQKP90,19131211,23171541,19101010,19141311,19141112
123NCRJAV6NI,19101010,19161111,19111012,27121210,32131011
03IQHYCVPNX4,19121416,19161111,32121010,27121210,23151215
C55C5MWBWACJ,32131526,32101010,27121313,27121210,32131011
6G298CQK4LTA,19111012,19101010,19111010,19111011,19141311
S1UYSZDED8WG,19131211,21131010,19161111,22111415,22111416
OYHDOWM2HUT7,27121210,27111222,27121313,19161012,32161416
NKCTQ7VIN5LV,23111310,27121210,32131011,23121010,21111110
WJTIQWNRHZN4,32131520,32131526,32101010,21131010,32131511
9DO70IU7HWLW,19111011,19101010,19141311,23111310,32151014
A5I8JNBRJS1M,32161311,25131710,25131410,25131810,25111510
PX71M8ECKC54,19111012,19111010,32161416,19111011,19101010
5PFBCE5Z3ZTD,32161416,19111010,19111011,19111012,36161117
DKV54C6P1LLH,27121210,19101010,19111010,19111012,32101010
DJKLUYLUYHET,19111012,19111010,25111610,19101010,25111110
P07HZQ8OEJM9,19141311,19101010,32131011,27121210,19111010
8VI6FKRXXWFM,22101213,22101214,19161012,27121313,22111215
V55PSQ0OXFQ8,18151213,32131526,23171521,23171524,23171541
06DDG680IUGA,19141112,16141210,27121210,32131520,19131211
38DALY8OZCYW,19101010,19141311,19141110,23151111,23151116
ILJL8VJ61TYJ,27121210,27121313,32131011,27111222,27111214
M18O1BJ9RM7P,19141311,19101010,32161416,21131110,32101110
H2IN2BU4WA2G,27121210,32161416,23171541,32131011,11221117
NG0APSALDNJ7,25111610,23171712,23171541,23171524,23171510
7PMEXJTNRP1I,19141110,11211010,19141310,19101710,19141311
7DQ8VDGWMQEB,32131011,23171541,23111310,23121010,32131111
3HWPZ6K0EXC1,19141311,19101010,32161416,32121312,32161311
T4P501NOUHTC,32131011,27121313,27121210,27111222,32131526
396YFI7EQ3O6,27121210,32131011,32161416,23131115,36111110
J1J2PEMKLMDH,27121210,32131011,32161416,19101010,19141311
T939AYQ6WW8Y,11221117,27111222,27121210,19111010,32161416
0YKNFU84XYJO,32161415,32161416,27111222,23171524,27121210
MLFDTLT365W6,27121210,32131011,27121313,32161416,16141210
A0NW60JSCTOL,27121210,32161416,32131011,16141210,27111222
V1JL7TG6CD2I,27111214,27111222,27121313,27121210,23151016
TOGN1W1HT7PZ,32161415,32161416,27121313,32131011,26102110
9H32ISNKTKP2,27111320,23171310,27121210,19101010,16141210
ANGW3PAJVF9I,19101010,32171011,23161015,32161416,19131211
2ESF4NDRFDX8,21131110,21121010,21121110,21111510,21131010
337OV9WXHVY3,19111011,19111012,19111010,32131011,26131114
VGWW4FYB8DAL,32131011,27121210,16141210,19101010,32101110
EHNSB02LNNW1,32131011,27121210,32161416,19101010,19141311
QVDK6DRN4ORA,32171011,21131010,23121010,32161416,21131110
24UNFTWR2Z0A,16141210,16141110,20311610,32161416,27101110
2BRSV43056M0,19101010,23151010,32161416,27121210,32131011
WPHM5ZJYITRZ,14111210,11221117,32161416,23171541,21131110
14NIJCP52AY7,23171541,26151214,19111011,32131011,19101010
W2EOWLCFS831,32131011,32161416,27121210,27121313,19101010
DSP7IOTHIEHT,32131520,32131011,27121210,32161416,27101110
DH5N42RLOSAL,19111012,19111010,36111110,19111011,11121110
S7NVV28UE1MY,27121313,27121210,27111214,32131011,27111222
FICLREAY3SM1,27111222,11211010,32161416,19101010,27121210
APDZ6W5OWK1L,21131110,19141311,19101010,16141210,32101110
0T6DVWRB7F6F,19111011,19101010,19111010,19141112,19131211
LORIPJ44LHZA,23171524,23171541,19101010,19141311,12101212
O6GF9XXWNKPZ,32161416,27121210,32171011,32131526,32131510
L0N2TNXHN5E0,22111215,19111011,19161111,32161416,11151110
24RV3NSXOF6T,23171521,27121210,23151010,27111222,23151016
OGWLACOLOLN3,27121510,27121210,32131011,27101212,27101110
0KASZBVYE1II,27121210,32131011,19111010,19111012,27121313
09LZRK79UFU6,32161010,32161416,19161111,21131110,32121312
DLWRFLVRKTGU,25111110,23171541,19101010,32161416,32121010
59M6MG87OI0E,32131312,19121011,19121416,19161110,19161111
OXJCBYHGMN9Z,27121210,32131011,32161416,11151110,27121313
PJHL5NZRV4A3,32161416,15111013,23161012,23161015,36111110
9YKRZ1Y3N0MW,27121210,32161416,32131011,19101010,36161112
G8ZF2L4C0BB6,23171541,19101010,19111010,19111012,32161416
8OGA0X7ZCGDC,23171541,32161416,23171528,19161012,36111210
PGW00JYJ2DSA,27121313,27111214,27121210,27111222,27111221
88QEOZ0KZ4Z7,19141110,19141311,19101010,32171011,23171521
9A6SPZD1SKZI,27121210,23171541,12101212,27111222,21131110
UWVW1PM77XVM,11211010,32131526,12101212,32131011,21131110
32RV23U65XNU,32131526,32121010,32161416,23151114,19121416
3DVYJHMIE898,19141311,19101010,19111010,32161416,23171541
NNQPNJI8FG7S,23171521,19141311,19101010,23171310,32121312
UXVT3OPQZDNH,23171541,32161416,19101010,27121210,23171524
E7M7H6OQ7QH9,27121210,32131011,32161416,27121313,19101010
ZJSSZWD0W9RY,19111011,32131011,19101010,16141210,19111010
I9EXBNXDXWBC,14111115,32151013,32161416,19141311,19101010
08RWQ1CGEDBT,32131011,27121210,27121313,19101010,23171541
30L1R99M2KKT,23171541,32161416,19101010,19111012,26131114
3VKOG1011HE9,32161416,32131011,19101010,27121210,19141311
H2EI2OP03KSG,19111011,19101010,19111010,19141311,19141110
3G5DFRLW6JL2,27111320,27111314,23171541,25111110,32161416
GCSOTDHHLMH1,16141210,19101010,19111010,19141311,32101010
FRPK9VO8PM4Y,32161416,19111012,19111010,19101010,32121010
OBX9XK2J2R24,32161416,12131213,19111010,19111012,19101010
8GY39BU4UZ2Z,27121210,32131011,27121313,16141210,27121510
SYYJ47CC88RF,21131010,32161416,19101010,16141210,19111012
FT9ZZCGL9FWV,23171524,32161416,27121313,19111010,23171712
YXIS81HBUDU7,23171521,19101010,23151010,27121210,32161416
ZGH2YTESNE8Q,27111214,27121313,27121210,32131011,27111222
ZN5H5JMC9QH1,27111318,23171541,19101010,27121313,27121210
OLIYZICXHRQV,19141311,32161416,19101010,19111012,19111010
WS1LOQSOT56A,21131110,21111510,21121010,21121110,19111010
0IC1KXGJW2WZ,21121210,21121010,21111510,21131110,23171541
ADN2TVDNHBOB,27121210,19101010,19111010,23171712,32161416
UOZM7I9RY30M,32161416,27121210,32101110,19111010,32131011
JYIDR6X0ACCH,27121210,27121313,27111214,27111222,32131011
AJIJNLP2S07J,32161416,27121210,32131011,16141210,19101010
X7PTX63CFL0U,32131011,27121313,27121210,27111222,27111214
K2VMWWYZX4W6,36111210,23161012,23171524,23161015,23171541
TG3FIMLCBIED,19111012,27121210,32161416,19111010,23111310
433E1I1P0BQ1,23171524,23171712,23171541,27111214,23171710
95TCY7SXP271,27111214,27111320,27111222,27121313,27111314
H19YX6YINW4U,23121010,23121311,23171541,23111310,32161416
96EW8257GE0Q,12131213,19111011,32131111,19111012,23151215
OLNTA81J8RGO,11211211,23141011,23171310,23171541,27121210
Y4MLJZFUDI4S,25111518,11211010,25111110,32161416,23151114
GNIIB1B87T93,32121312,19131211,25111110,32161416,23101010
222GTLVU53Y1,27111222,27121313,27121210,32131011,19101010
7WLYZFPP4XGQ,19101010,32161416,11151110,32121312,32121010
G5T3LZ8VNBZ4,23171541,27111222,32161416,27121210,23101010
6080YAPIG8OF,32161416,21131110,19111010,19111012,27111210
RY92HJQN33BQ,27121210,32131011,27111222,36111110,25111510
QH7PPCADUVL9,27121210,27121313,27111214,32131011,27111210
2MGBNCPRCWFB,19111010,19111012,19101010,19141311,23171524
MB5M9J98CWN2,19111012,19111011,19111010,19101010,27121210
0DY571VXNZ0N,23171712,23171541,23161012,23171524,19101010
O5K3CKOHELH9,27121210,19101010,32131011,19141311,19141110
F7K5MTVGE3YN,32131526,19101010,32131011,32161416,32101110
MQW8EVRC0ERJ,27121313,32131526,19111012,19111010,32101010
WL3ZYT91QE37,23161015,11221117,23161012,16141110,23151215
E9JLWXWU1R0D,25111110,21121210,23171541,21131110,16141210
MKGZBYS7XZFW,27121313,27111222,32161416,27121210,32131520
URID3U94SGFD,27121210,19111012,32161416,19111010,23171528
GDPUH4GBGO8U,27111320,27121210,32131011,23171524,32161311
1IWAAYRIBERX,32131526,32161416,27121210,19101010,32171022
SHNTCVL0YQZD,23171541,23171521,11211010,23151010,32161416
NKBTFSHB0OQV,36161117,36161120,36161112,36161124,32171022
0LVSNUJZA7TZ,16141210,27121210,32161416,36111110,11191210
RFEGCXY13VW4,19111011,19101010,19111010,27121210,19111012
CB1KJTGQ01TE,25111310,25111610,25111110,36111110,27121210
KBRFBFL0V8HS,23171524,23171541,19101010,32161416,19111010
PASGPAGI3XAW,23171712,25111110,25111610,32161416,23171524
2Z8EXRCLIC6B,19101010,19111010,32161416,32131011,32101010
3DN1TJL2FX35,32131011,36111110,27121313,27121210,32161416
T16MIGOVR9AH,27121210,32131011,27121313,19101010,32161416
DO8YU98GFEX6,32161416,27121210,32131011,19101010,25111110
KZ40AQ15O2NQ,21131110,27121210,32161416,21121010,32131011
OQ8JXLFIUEFZ,23151010,27111214,27121313,27111222,27121210
6CXOTX76D2KJ,19111011,19111010,19111012,19101010,27111320
DR08CW2LBM2Q,11211010,23111310,25111510,32161416,19101010
VV457GNVBA43,27121210,32131520,32101010,27111214,32131526
101YQT061ATM,23121010,23101010,23121311,27121210,32161416
2C9ROS7YT2M6,32161416,27121210,32131011,19111010,19101010
174WYAGS1KWQ,19101010,19111010,19141311,23111410,19111012
6AIU01LC5WW9,13141111,32121010,27121210,32171011,19101010
5LXO6QJIUJV6,16141210,19111012,27121210,32161416,23171541
N74F9YECAZRP,32161416,26131114,32151013,19101010,27121210
OBJLZY1UU9YM,23161015,23161012,23171541,36161120,36161124
MALWVMB0IDD0,23171712,23171524,23171541,23171528,32131011
QM6UT6FIZHJM,16141110,32131511,16141210,32131011,32131520
3JRBLOJ8IJUM,27111222,27121210,23171541,32161416,32131011
FBDPWC1DNP7W,27121210,32131011,15111013,32161416,27101212
QKV0N4H2AWNF,23171710,23151010,23171521,23171541,19101010
ZIHZVZGMFFOH,32161416,23121010,19101010,19111010,27121210
LPGEY18JSEUO,19111011,27121210,19101010,19111010,27111320
ZWQX9VSNH0E9,32161416,27121313,27121210,32131011,27111222
GBMXIKVRECJT,27121210,32131011,27111222,27121313,27111214
8PAJSSUUQO1V,32161416,27121210,19101010,32131011,21131010
YB7W8P74MJDX,27121210,27121313,32131011,27111222,32151013
LBH1NYKS9URX,19101010,32131011,16141210,27121210,12101212
MSPZPDYJ49IX,27121210,11221117,15111013,32161416,19111010
XO9T7E8G8JDP,19101010,21131110,19111011,32131011,19111010
DTN0ABMKRY7I,19131211,19101010,19141112,19141311,32161416
QEBIWRCQLA6M,32161416,27121210,27111222,32151018,19101010
FDTBJOJ02WY0,23171524,16141210,27121210,32131011,32101010
VMSR75RMG7F9,25111110,23171524,25111610,23171712,25111518
6Y1NM7935KRN,27121210,27121510,32131011,27101212,27121313
VA5E742GRRDN,15111013,32161416,27121210,32131011,32151013
S9R37V3869OJ,36111110,11211010,19161111,27121210,32151013
D7HFVSV3V4BN,32131526,32171011,32131510,27111222,32161416
PB74WO7V1GSF,32161416,32131526,32131520,19111011,25111110
10U8ULV1J308,32131111,21141810,27111210,27121310,27111214
E9QDI3G13IWP,19131211,19111011,19101010,19141311,32131011
4CDPQVL00EZZ,11211211,25111610,23121010,27121210,32131011
3T0KG6UMH4GB,15111013,32161416,19101010,19111011,19111010
CJNJZ9G6DVNQ,23171541,32131526,23171710,27121210,32161416
W56FKPS0DXME,16141210,27121210,32131011,19101010,27121313
EH3RFWTEVTX3,23171712,23131115,32161416,23131110,21131110
3LFLN7FT5HKO,32161416,19101010,16141210,19111012,19111010
PV7TIQIJB3SW,15111013,23151010,32161416,19101010,32151014
9NGQ6TLV0GUB,19101010,27121210,32171022,19111010,19141311
7SBFDGJ9KKU7,16141210,32131011,27121210,36111110,16141110
1TSNJA57I1NI,23171310,18151213,23171521,18191516,23171541
YV37DIA5U6HC,23171712,23171511,23171524,23171541,11111015
2YWE1G983EP9,23171524,27121210,32131011,23171541,23151010
8KSZBFFZZDVG,11221117,32161416,27121210,19101010,19141311
O674DPHU2XRF,27121510,21131110,27101024,27121210,27101212
QGYIW59ODM7K,11221117,16141210,32131011,19101010,27121210
3QLX3F2XHDCV,32131011,19101010,27121210,32161416,23171510
PUF3EDPVGNYH,27121510,19141311,27101110,27121210,32131011
OHE7KY87Q19U,32161416,27121210,27111222,27121313,32131011
OIGKYOJB47ZP,11221117,23111310,32161416,23101010,27121210
YACH4L0AH1KG,23171710,32161416,23171541,19101010,23111310
VM3BY4II7VXT,32131526,27121210,32131011,19111012,32101110
9F7WO948WEGT,19141110,19141112,23171528,25111515,26141910
GOUIFEZAC2EX,32161416,21131110,19101010,27121210,23171521
LPXAJMK4X1FD,23171524,23171541,27121210,32161416,23171710
JSYXUFBLPVR7,23171712,23171524,11151110,19101010,26131114
0HKARPKFZQFO,23171541,32131011,27121210,32161416,23171810
819FMSYG91MM,19141311,19101010,32131011,27121210,19141110
N9S8TSNC19AR,23171710,23171712,11151010,21121410,23171524
QCZ0N04OAE7L,32161416,32131011,27121210,19101010,23161015
TB1PPQVQ1HU3,32161416,11221117,27121210,32131526,19111011
D1SD44WL8MDZ,19101010,32161416,19141311,23171541,32151014
30BMZW7539MH,23161012,32161416,27121210,32131011,12101310
CBSLYFAY0XA0,21121110,11221117,23151111,19141311,21121010
WJQ4TA5IVROC,11151210,11151110,18171015,26101519,27121313
IJFZQAFQSDQ2,23171541,23171524,23171712,27121210,32131011
0I1MCY249FB4,19111012,19111011,19111010,19101010,27121210
WCS4BJU8OXM9,16141110,27101110,32131011,16141210,27121210
HZBGTJ54696Q,22111215,19121416,19121011,19161111,32131312
PAIIUCUIGM2T,23171541,32161416,27121210,19141311,36161124
H74KUDYZ3MQW,32121312,32131526,32101110,23111310,32101010
IVDTS8MG00CR,32131011,27121210,19101010,19111012,19161111
6G5G79OR7875,32131526,32161416,32131011,32131520,32171011
P9A9URI7EV4D,19101010,19141311,19111011,19141110,32161416
Z2RNO6CYSVUH,11211010,21131010,21131110,19101010,23151115
8A2CQBYWLKLQ,19101010,19111010,32151018,27121210,19141311
1R11Q7UWW5WF,32131612,32131520,32131611,23111310,32131516
GWFHDV37IC0L,27121210,27111222,27121313,32161416,32161415
UPWCKH3V10M1,27121510,27121210,32131011,27101212,27121313
SW2292MTR6SN,19131211,27121210,32161416,27121313,19141112
Z6CP7SAVZEBU,21121210,32161010,21131110,32161416,20341227
KS4F6APFXI5N,27121210,19111011,32131011,16141210,27111222
BS7587H91EL8,23171524,23171543,12101212,32131011,16141210
KGW8C4AG1QIC,32131526,32161416,32131011,27121210,16141210
5GRO9X49TMY9,25111518,27121210,27121313,19111012,32101110
BV50HYA1W3RR,19111011,19101010,19111010,19111012,23171712
UZY46V57HLSZ,27121510,16151010,27121210,32131011,27101212
0O7Y4XBBMZJ2,16141210,32131011,27121210,19141311,23171310
SRCAXHCYEP5Z,26131114,32161416,27121210,27121313,32151013
5YU3TTBUYS9P,23171541,32161416,19101010,27121210,19161111
ZWACZHZEQ3MN,15111013,19111011,32161416,32131111,19101010
63NA7HN98X16,32161416,27121210,32131011,27121313,32151013
O0LLQIXUCE5Y,27101212,27121210,32131011,27121510,19131211
QVINDH4SPFDR,15111013,23161012,23161015,32161416,19141112
YYP6S0VDCK10,19111011,27111318,19101010,19111012,19111010
7DXJ17X6XDA7,27121210,27111222,27121313,32131011,27111214
TQJ8CW8N57PL,27121210,27111320,32131011,16141210,23171310
CV2XB402NMSI,32131011,16141210,27121210,27121510,32161416
02KKVR0TMTOC,32131011,27121210,19141311,21131110,19101010
NYW0YFKOE2HK,19101022,32131526,19101512,19111310,24131326
XG0ZFDKNL48K,32121312,32161416,19131211,19141311,23101010
SQOI2JVZHOYY,23121010,19101010,23101110,23101010,19141311
O8BJMIGJ6HM3,27121313,19111012,32131011,32131111,36111110
TBKG8B350SGN,12101210,23171710,23171521,23171541,23171310
4PFMICX9ULLP,16141210,19111012,19111010,32161416,21131110
LCKZ3VWLO7AM,22101214,32131520,32131526,22111215,22101213
6DRHY1HNXIYY,25111110,19101010,27121210,19141311,12131213
MOES1AI9A44Y,19101010,27121210,19141311,19131211,32131011
1N3IRW50LMBV,19101010,19141311,32161416,19111010,19111012
KEGJ52T2PM31,19101010,23171541,27121210,32131011,16141210
HB1MTRKZYTWX,27111222,27121313,27111214,27121210,27111221
5TTEUGQV2X2H,21131010,21131110,32161416,19101010,27121210
C8NOG85D4F2K,16141210,21131110,32131526,27121210,32131011
LXN32NBZWBHO,23131115,23171716,11211010,23171712,23151215
NPSV8DKMU6U4,27121210,32131011,32161416,27111222,19101010
9ARYEAVEDHR3,32161416,19111012,23171541,19101010,32161415
R6KFKLDF4HRA,32161416,26131114,23121010,27121313,23101010
4OEPC8TZV0DS,19111010,19101010,19141311,19141110,11211010
RNWJHS1F8G0Y,19141311,19111010,19101010,19111011,23151115
ZQRSJZO98IBO,32121312,21131010,19111012,21111510,21121410
YFHJFC6AQ1DR,32161416,26131114,32151013,23121010,23101010
Y1XC2I92PV07,23131115,23131110,16131015,11191413,23171510
O1CMRT7JHDSZ,23171528,23171541,23171710,23171524,19101010
5GZC2H6HTNOR,32131011,27121210,32161416,19101010,27111222
NIUD1AU0INWT,23171541,19101010,23171524,32161416,32151014
ZNG13WY61FIV,23111310,23101010,23121010,32131011,11151110
IMMNSTOUIFJI,32131011,23171541,19111010,12101212,32101010
2LED4OUV73L5,12101212,12101310,23161012,12101210,27111210
1BL6F6FU547O,32131011,32161416,27121210,19111010,16141210
R70UT100WNT0,32121010,23111410,19121416,23171524,23171541
VB9HXKEI9ULT,32161416,23171541,19111011,27111214,11221117
VFX2ZVL9E9ZR,32101010,32101110,23171541,27121210,27121313
R3LDZ5JX084D,19111011,19111010,19141311,19101010,19111012
74OHL5THLVJY,32161416,23171712,23171524,23171541,32161415
TE92SRL3VZZX,19101010,19111010,19111011,32131011,27121210
5MLGMXZZXHEU,27121210,32131011,19101010,19141311,32171018
37PJPO3CVS3Z,19161111,27121210,19101010,32131011,32161415
1AUF0TJ5JGZC,32131526,32171011,27121210,32161416,32131011
IL6DTXLJK85J,23151115,19111011,23151111,19111010,32161416
A3IDY3C7RM6J,27111320,27121210,32131526,32131011,32171022
4NTHZM32HZS3,27111222,16141210,27121210,19101010,32161416
YHKJHW145WC0,19111012,19111011,19111010,19101010,12131213
8TIR0P8F8C8C,27121210,32131011,11221117,16141110,16141210
V4L9L7TU124T,32161416,19101010,32131011,19111010,27121210
OBCK3ERVKDXT,32131011,27121210,16141210,27121313,27111214
RAUD2YZDZIRL,22101214,16141110,22111215,32131011,16141210
3RXOKPI1TSQA,16141110,27101110,23121311,27121210,23111410
03V1NPCYVU04,27121210,32131011,27121313,32161416,32101010
0CJBMUVHGQK8,32131011,32161416,27121210,16141210,27121313
JVU2CGXU5WAH,23171541,23171524,23171510,23171712,32131111
3JONOU9IY4X4,23171510,32151018,23171541,23171521,32161416
FGGW1JYK820P,14111117,14111210,11211010,32151013,32161415
SEHJ0Y2ATGXI,23171541,32131526,32161416,16131015,27121210
TRPYX8HBBJCD,19101010,32161416,19141311,19111010,19111011
7AQFF2K5C3Z6,19141311,19101010,15111013,32151014,22101214
H541OO5VYFRR,20251510,13101010,32161416,19101010,27121210
4A3S8PGBZQ35,32131011,27121210,32161416,19101010,36111110
BSM2OTEYMOML,19101022,19101512,19111310,19101611,24131326
0XCS16AHANMV,32171011,23171524,23171541,32161416,32101110
RG29D2FF5L6B,21131010,27121210,32131011,16141210,27111320
C5UDOTUQAJEL,23171541,27121210,32131011,19101010,32131111
BY8NHQ4HOAWQ,19121416,19161111,19141110,19101010,19141311
HFJ7UPFLN4RX,32161416,23171521,23171541,19101010,14111210
5BWAEN7YJF30,32131527,32171029,11211010,32171022,15111013
O9HAXHF72BYN,27121313,27111222,32131011,27121210,27111214
95G3V23GXJ0M,19161111,32131011,27121210,32161416,16141210
96K4O67BXCD2,19101010,27121210,19141311,32131011,32131311
QQYZQII4W6OZ,27121210,11221117,19111011,32161416,14111210
BGJEWVPG6VC4,23161015,32131520,23161012,32171022,32131011
1RBN62NK7HLC,27121210,27121313,19101010,19121416,19141311
JP1ILRIOU3WB,16141210,23121010,23101010,23101110,23111310
8Z44J9LKOPJ1,27121210,32131011,27121313,32161416,19101010
W4C6LBPJ8T22,11151110,32121312,19111011,32171022,32101010
W4NSZP566Z23,23171710,23171521,27121210,27121510,23171541
L51N5XYOD0R4,19101010,27121210,19141311,32131011,19141112
8FMW4VCHRHBK,19111011,27121210,23151111,19111010,32131210
33DCNF225AA3,19101010,22111215,22101214,22101213,22101210
Q9PKL48HB1NO,27121210,23161015,23171521,23151016,23131115
2C6X3WN8AARD,23111310,27111320,14111117,19101010,19111010
2EK1HW67Y9PP,32131526,16141210,32131011,32161416,19101010
CGJK91DPIWPZ,32131526,32161416,19101010,27121210,19111010
X43WFSQG8X80,23171716,27121210,32131011,11151110,19101010
F1AYSV6O9E9N,27111222,27121210,32161416,32131011,19111010
VBGR8W2MAIET,32131011,27121210,23171541,27111320,23171524
5DTAEGRY58VR,12131213,19111011,23171810,19111012,19111010
PKISB8363DHT,27121210,15111013,32131011,15111011,27121313
LOB777IH0FUO,32161416,32121312,32161010,19101010,21131110
2IMB30JGUC3T,23171524,23171541,32161416,23171712,32171011
6CJ9K4CI248F,27121510,27101212,27121210,32131011,27121313
5DM5NQPTS0MM,19111011,19111012,19111010,19101010,36111110
IGFO0SKUJRO5,36111110,32161416,19101010,20251510,11151110
6GVWRDMLY4LY,15111011,15111013,32121010,23171524,27121210
XYPPHV9OB7NB,23111310,23121311,23171541,27121210,23121010
Y3Z1DE1E1630,27121210,19101010,32161416,32131011,32101110
JR1NJKIKSMV4,32161416,32151014,32131526,32171022,19111012
LORXDTG5NQJQ,32131526,15111013,23111310,32161416,32101010
I8P4YEDN2Z2V,22101213,22101214,32131520,32131526,32131111
82I5X65UM4YR,12131213,19111011,19111010,19141311,19101010
WJBD48AJZR8M,19101010,19111011,19111010,19111012,23171521
WWO6NLPVEC9T,27121210,32131526,32161416,32131011,21121210
HY7AI33993N4,23151010,23171521,27121210,23171541,23171710
P3ID6DNWTLBN,32161010,32131526,32151018,32151014,21121210
DIRL481XLAXH,32161416,19111010,19101010,27121210,19141311
1717HV0EHLIT,19111011,19111010,19111012,19101010,27121210
T1OVEJKLCP9U,23171541,27121210,19101010,25111518,32131011
LSH3TOW4YCZ0,11211010,32161311,23161012,23161015,32131011
59LL2J2NG1GA,19141311,19101010,32161416,19111010,27121210
ATV82HK89JSN,15111013,23111410,25111518,25111110,23151016
6UDOJY6G107G,32131011,27121210,27111222,15111013,23161015
Y0BHF0RIY4KL,25111518,25111110,27121210,32121312,32161311
ROYR6CCVCJWT,21131110,27121210,19111010,27111214,14111117
QP56A2TYZNM5,32161416,21131110,27121210,32131011,32161010
FJI118L30PYN,23171528,36111110,25111310,23171541,14111117
K7QIRJQR0U09,32161416,19141311,19111010,19101010,19111012
U6QGCBJJUIDC,23171541,23171310,19111011,19101010,19111010
1P5EI7K8EVBR,27111214,27121313,23151115,27111222,32131520
L6E2YE38D1N1,19101010,32161416,21131110,19111010,36161124
OK165DV6LOI5,32161416,19111010,19101010,32151014,36111110
OUHYLU6K7P9M,19141311,19101010,19111010,19141110,19111011
HI0X5FRZUUN6,21161310,21161211,11231010,25111610,21141810
TAQVO6IBRGE8,21121010,21131110,21131010,21111510,32161416
U4HS7XM7IDP5,19111011,19131211,27121210,19101010,19111010
JQMFD2SMD7KL,22111215,32161416,27121210,19101010,32131011
V3UTCPXCAAL8,11211211,19111011,23151215,32131111,32131011
PMVI1V0I8GPW,23151111,23151115,23151114,27111211,27111214
4UW2AWW77GCJ,23171541,32161416,23121010,27121210,32131011
OP0VEA3VO06V,27111214,27111222,27121210,27121313,23171521
5NV1VM2HJJHM,32131526,27121210,32161416,27121313,32131011
Y9MZE9WY5WDA,23151010,27121210,32131011,32161416,26131114
2QW44XRIIGUP,32161311,25131710,25131810,25131410,23171524
12KLYYVUNSVQ,23121010,32161416,23171541,19101010,36161124
JSHZKBRH7LAY,26131114,32161416,27121210,27121313,19101010
DDAFS1IYM90P,32161416,19101010,19111012,19111010,19131211
Q5V7C6S5NKB4,27101110,27101212,16121510,19131211,16121110
SRK6M8R8DWPZ,16141110,32131011,16141210,27101110,22111215
N2D7KI3X7995,19111012,19111010,19101010,27121210,32131011
NOMFUG7LVV0K,16141210,23171541,32131526,32161416,32131520
U8HRAV85886D,15111013,19131211,32161416,22101214,19101010
IO1Q3DZVWE8G,27121210,32131011,25111110,27121313,32161416
OM17OCE3OZKD,23171510,32101010,23171541,27121210,32131011
VUCAHOGFJK3G,32161416,19101010,27121210,19111011,32131011
O049RGACWAQA,32161416,19101010,27121313,19111010,32101110
8HKE226PARSG,27121210,32161416,16141210,32131011,36111110
XCXBT6HMRYI0,12101212,12101210,23171712,12131213,12101310
0Q1G1NPXI9BF,23171521,32161416,19111010,32101010,36161120
JCY127H6GMD4,23171541,23171524,27121210,27121313,32101110
7NXP0JF6DNOB,25111610,25111110,32171022,25111518,32151018
RFKRKN887TLE,16141210,32131011,27121210,16141110,32161416
PNL6RNKWXZWL,19141311,19101010,27111320,27121210,23171541
1EKVIPATZ7BY,21131110,32161416,19111010,19101010,32151013
P6MKT7S1GD1T,26131114,32161416,27121210,23171541,19101010
OUN91FY6YO8D,11211010,32131526,16141210,32161416,23171541
W30Y28ZBJJAC,27111214,27121313,27121210,32131011,32161415
IBJZP97BMZRR,32131111,11221117,32161416,23151215,23171541
QIYFRWSKP6RF,16141210,11221117,15111013,27121210,19121011
G1D9OB6KB9Z7,15111013,21131110,23171810,27121210,23171541
2XCB3YYM33MG,16141210,27121210,32131526,32131011,32161416
ZERYF0992QC6,32161416,12101212,12131213,32121312,32151018
4SSB1PBZVR8V,32161311,25131710,25131410,25131810,25111510
0KB68RERVT99,19101010,19111012,19111010,19141311,32161416
EG7V48TPG7UV,32131526,32161416,27121210,23171524,15111013
JXQKD8UR6TIA,22111215,27121210,22101214,32131011,19101010
6X73ZCA7FXLO,14111210,14111117,32131520,32131612,25111310
ESCDCOWDXCJ1,16141210,32131011,27121210,19111011,19111012
2LWHEDHTHRUU,14111117,14111115,14111210,32161416,16141210
2DP63QWBMNER,23171541,32131011,19101010,27121210,19141311
G3FYE4HQGOXA,27101212,27121510,27111214,27121313,32131510
N1M6U2LLH22B,25111110,27121313,32131520,27121210,27111214
CHGTWY3Y761S,27121210,16141210,32131011,19101010,19111010
E6L0DCZ6PBBO,32161416,19141112,32131011,27121510,27121210
YQ9GNTDWHMBU,19101010,19141311,27121210,32161416,25111110
XOX3MSLZARFG,16141210,19111010,19111011,19101010,22101213
QG4QLV724HK1,11211010,32131011,22101213,19101010,27121210
LQ1BPFWSQ7TF,32131526,32101010,19111012,19111010,27121210
3OXESP7J6V45,19111011,19111010,32161416,19111012,23171528
4ES3AOFC9LGY,32161416,32171022,32131526,27111222,32151018
FUB4RC05ZJ8T,27121210,27111222,27121313,32131011,27111214
R3URMWUECPNC,32161416,32131526,27121210,21131010,32131011
XCX9KNBZ9H0U,19101010,19141311,32161416,19131211,19111012
RI09M0G8W85Y,32161311,25131710,25131410,25131810,25111510
QEAEQ2IFQBKK,32131011,27121210,23161012,32161416,23171541
HAWQDUILY7E5,23171541,23171524,27121210,27111222,32101010
TSPYA2OTKQXW,27121210,32131011,27121313,27111214,19101010
06AKT7ZQHT2X,11211010,23171528,11211014,27121210,23171541
WUR1Z82H394L,23171521,23151010,19101010,32161416,23171710
BRQW5259GMQ2,23171524,27111222,32161416,27121210,27111214
1HW3GM7Q6LFJ,23171710,23171541,23171524,32161416,23171712
XAJI0Y6DPBHS,27111222,19111012,19111010,19101010,25111110
CJLEI6WGL8I9,32161416,13141111,20271110,12101212,13121011
WUJT4FTLH33H,27121510,32131011,27121210,27101212,23171712
RI8D5SJ4WLDY,27101110,32161416,27121210,12131213,12101212
22XMQ66442SI,32131011,23171524,27111222,27121210,23171611
8YSVCZA0E9EK,36161126,26131114,32121312,24151317,32161416
FH41A68T2A3A,27121210,32131011,19111011,32161416,26151117
O98BV78HU7F0,32161416,26131114,27121210,27121313,32161415
1DRZ0XV6DDD2,32161416,23151010,23171541,27121210,19121011
C1MH1NBZOYW7,27121210,27121510,32131011,19101010,23171521
18LM6S0ZIUQ6,32171011,19111011,19111010,32161416,23171541
FHAZMIQ5PXLG,23171710,23171541,32161416,27121210,19131910
2DA5B4L6HFH4,19111012,19111010,19101010,19111011,19141311
NZ5X51O0LQBY,32131011,32161416,27121210,27111320,19101010
ZY9YLW5L4RMV,32161416,19141112,23171521,27121210,26131114
PI2SO0DMJPAI,19111010,36111110,11121110,19111011,12131213
24IQ93H5YWL9,19101611,22101213,19101022,19101512,27111222
KXBI6JJTB8QO,19101010,27111320,23171541,23171810,27121210
MBESB2LCRZ3R,27111210,15111013,23161012,36161120,36161117
TXCB48Y1O4IZ,19121416,19161111,19111011,32131520,32121010
YMENVG3KK0VM,27121210,27121510,27121313,32131011,32161416
2UG05WH23GXR,23161012,23171541,32161416,19101010,32131510
6NYYCJ4Q0RR1,32161416,23171541,27121210,19101010,19111010
XD6ZMBYTJPTV,23171710,17171610,23171541,27121210,32131011
T6267CGFX30A,36111110,23171541,23171810,11121110,26131114
G4ZRRP52I7ZC,27111214,27111222,27121313,27121210,32171022
9EE2A84N1W3E,27121313,32161416,27121210,23171524,32131011
GT2EEHFU4B9S,19101010,19141311,19111010,23171541,19111011
J74F55ACOBTE,23111310,19141311,19131211,19101010,27121210
79KVLS9MEUSW,19101010,19141311,19111010,27111222,32161416
683PLE45B2NI,27111222,27111214,27121313,19101010,32101010
JDTVV2Y4XKSS,19111012,19111010,19101010,27121210,27111222
HF23PDFY9ZWQ,27121313,23171524,23171541,27121210,32161416
OZT4LH19L8OE,27121510,21131110,23121010,32161416,27101212
OI9WM1SAV9CN,27121210,32131011,32161416,27121313,19101010
2E6XDMR7BJN7,27121210,32131011,16141210,32161416,16141110
1U5XI18T1500,27111222,27121210,32131011,27121313,27111214
Y8LWKHRZFDYX,27101212,32131011,27121210,16141210,27121510
18FVX9PD327K,27111214,27121313,27111222,27121210,32131011
HRX7BNZTAHY8,26111210,23171524,23171541,11211010,19101010
2D0NX5WT3HJU,27121210,32131011,27121313,32161416,11151110
WIEEO9H5IHJQ,19101010,19111010,19111011,23151111,19111012
HUO63WEDPLHR,19111012,19111010,27121210,19101010,19111011
DUD6LE9CB61G,32161416,26131114,27121210,32161415,19101010
1TNZRF5A7QY8,36161117,36161120,32171011,36161112,36161124
X70R3SDUDPRK,32161416,19181312,32151018,32151014,32121312
WLXDSC4E5HRD,32131011,27121210,32161416,16141210,27111222
U1KDJBN5ZUL2,32161416,26131114,32151013,27121313,27121210
4XSQ60MV6W2J,23151111,23151114,23151115,23151116,27111222
IMI0G8F9PRNN,32131011,27121210,23171541,27121313,26111210
NM3V2P2TIXC7,11151110,12101212,32161416,27121210,32131011
C9PUBKOPSL0J,11221117,32151018,27121210,36111110,19141311
B2RVNDFDW79W,27121210,27121313,27111214,27111222,11221117
K7JZQA1OXC0V,19111011,19101010,19111010,19111012,32131011
NBC5ADVG8ZA2,19111011,19111012,19111010,19101010,32161416
BFFBFL1HBGYB,19111011,19111012,19111010,22111215,22101214
FEN0B09ZIVZG,27121210,23151016,23151010,19101010,32131011
W7NHPGJX19EM,23171541,32161416,23111310,23121010,23101010
KTOC1YFMHBYH,36111110,11121110,26131114,32131011,16141210
NKK1JXPP9YVG,19161111,19111010,19111011,15111013,32161416
93ACZSX0GNZH,32161416,32131011,23171541,19101010,36161120
O7V1IZ4JQI55,20341110,20341227,19111012,19101010,19111010
JF4CIWL3RFJL,19141311,19101010,19111010,19111012,19111011
9SYIED48CD5L,23121311,23111310,23121010,27121210,19101010
DYSAAR6JBPIH,32161416,27121210,32131011,16141210,19101010
IIPS8QDB9BGV,19111010,19111011,19111012,27121210,27111320
TWT2I9OWP7NL,23171541,27121210,32131011,27101212,32151013
DHVS41LQFS6H,23151016,23151010,23171521,21131010,26151214
YP2CHAQPKWQZ,19141311,27121210,19101010,32131011,32161416
Y72IVGLYE088,19141311,19101010,19111011,19111010,32161416
4QX495AJGATX,11221117,32161416,27121210,27111222,32131011
53EGDD8MWE77,23171521,32131011,27121210,23151016,23151010
CY2C11BD2SCE,27121210,32131526,32131011,19101010,32161416
XMJBLINEEWKI,27121210,27111222,32161416,27121313,16141210
IAJN3MLEOZPR,27121210,32131011,27121313,25111610,25111310
Y3MUB6LBU9W3,19101010,27121210,19141311,11151110,15111011
TCUNBDZCF5AK,20251510,20341110,20311510,13101010,19111010
9KVGCPM5F505,19101010,32161416,26131114,19141311,32151013
PFG8PJVRN8LP,19121416,23171541,32161416,23171524,26131114
XA8MKU1GPT49,27121210,32131011,36111110,27111222,13141111
7LN23Y30YSXP,19141311,19101010,32161416,19111010,23121010
UCLHQ2EAESQA,27121210,32131011,16141210,27121313,32101010
Y0NXR2YQ373Z,27121210,32131011,23171541,23151016,32161416
15WR99ZZCRAX,27121210,32131011,32161416,16141210,32131526
6BU9XRDT1N0N,19101010,19141311,19111010,27121210,32131510
9II37Y3D2FNC,20251510,19111012,19111010,19101010,19111011
OY22CM5AGP60,22111215,23111410,22101214,19121416,11211010
42JFUTGSHXM4,32161416,27121210,32131011,19101010,11221117
6OQNFC3Y0SPW,36161117,36161120,36161112,36161124,23171524
9KYPOFKJW6NY,23171541,32161416,27121210,32131011,23111310
ZP0T57GOCRK5,27121210,27111222,27121313,32131011,26151114
DPFVHF1KM8B5,27121210,23131312,32131526,20311610,32151018
KX6MJ53YXHZK,32131526,23171541,23171310,23171810,27121210
Q52WSPOFV177,32121312,32161416,16141210,19101010,11151110
0ZDLCCM4S459,27121210,27111222,32131011,27121313,32101110
UFBC16LKS2DV,15111011,32121312,32161416,32121010,32151014
EOX981BF8W80,20291110,23111310,36111110,21121410,32161416
2FKNVZDDH163,27121210,27121313,32131011,27111214,27111222
I2NR1P02JYV6,19101010,19141311,23171541,32131111,11221117
WCYUKND1IVXA,32131011,27121210,19101010,16141210,32161416
0ABGB8PMX76A,25131710,32131526,32161311,25131410,25111510
4ED6LOB24HY0,19101010,19141311,19141110,32161416,32171022
7E4UNY181ACJ,32161416,22101213,23171310,22101214,23171541
615PAYJ30AMX,23131115,32121312,32161416,23171541,32131111
TEMPXKC5I8XO,19121416,18151213,22111215,23151215,22101213
BCVF6FOVK2HQ,32161416,19111011,36111110,19111012,19111010
9VT3X8VE00H2,32161416,27121210,26131114,32151013,16141210
8459696EM7R3,16141210,27121210,32161416,32131011,32151013
R4V1OG07VSCQ,27121210,27121313,32131011,19121416,32161416
P9W4J66CNOLJ,23171810,23171541,32131011,27121210,23121010
Z8KV8N0WCZVL,19141311,19101010,23111310,19141110,32131526
C1M3O55IXVA1,27111214,27121210,27121313,32131011,19101010
EULJGQPQ8R4H,32131526,32171011,32161416,27121210,32131011
WTXJLVBF1IIN,19161012,32131011,19141311,19101010,32161416
ZRBZIRJYZ8XU,27101212,27121510,23171541,27101024,32161416
BEC41RN9UQ7R,32161416,22111215,22101214,32131526,32131520
V0Z5ZPXEGQ4P,23161015,23161012,15111013,16141210,32171022
L21AA6Y87QS7,32131011,27121210,25111110,16141210,32101110
2U7JHQDXVNIU,32161416,27111222,32121312,32151013,27121210
W3UQHWTEK17M,22111215,32131011,27121210,19111010,32161416
5DSK7N8LA100,32161416,11211010,11211211,11211014,19111010
OX7D0RZXAJCB,32131526,32161416,32131520,27121210,19101010
QWD1BQFDTNBS,23171712,23171524,27111222,19111010,32101110
O0A89JPTT0IX,21111110,32121010,32161010,21131110,23171712
P2OY4CD3LIQA,23171524,23111310,23171541,23121010,27111320
PZEKS48MQVFL,23171541,32131011,27121210,23171810,16141210
S7I5LGO9TNTY,32161416,27121210,32131011,36161117,36161120
LCKUHYD07DVR,23121010,23151010,19101010,19111010,19111011
F3S9M8YI038Z,32161010,32161416,32131011,27121210,32151014
OI5J8YIT2KOD,19111010,32161416,15111013,19101010,19111011
9ARAU76UXV2O,23171541,32161416,11211010,32131526,26131114
47XOL1IVZOU1,19141311,19101010,19141110,23171541,32171022
7OQ2ZDO74V1Q,32171011,32131526,32161416,23171541,32131510
G4XV349N1D6D,27121313,27121210,32131011,32161416,19101010
78MFS0IUDUAH,32131011,27121210,27111222,32161416,16141110
DA24MKS9VIOI,27111222,32161416,19101010,27121313,32101010
OH9SDBDW2PCN,23151010,27121210,32131011,32161416,32131111
R9KPU8O9ONSR,23171716,23151215,11151110,23171712,23151114
A810XGYXKQN8,19101010,32131011,11221117,23171310,16141210
XBR8IYBATOLO,32161416,19101010,19111010,32131011,19141311
6R8YKEHVQ9XD,19161111,23171528,19111012,32131520,19101010
RHP36KY6YDYB,19111011,19111010,27121210,32161416,32131011
ZMSAB3BVTBWG,27121210,32131011,32161416,32131526,26131114
PXJBC8VDRQNT,14111117,27121210,32131011,16141210,19101010
VOKQY9FLVQAR,19141311,19101010,16141210,32131011,27121210
J9A3Y36DDFGS,21131110,19111010,15111013,21131010,27121510
NE9EBHNQQA4P,19101010,32131011,16141210,16141110,27121210
C2W4054G8QDE,32161416,27121313,27111222,27121210,27111214
6N6975J2D8CL,27111222,27121313,27121210,32131011,27111214
50F1DEU3DB8A,21131010,32151013,32161416,27121210,32131011
N48UACT49LNY,16141210,32161416,32131520,32131612,32131611
L4AO4WV7AR0S,11181017,11211010,23151010,23121010,19121711
F4ZZW5UK4SHA,27121210,16141210,23161012,15111013,32131011
97SZPL56GW9B,26131114,32161416,16141210,27121210,19101010
YJXRPJ1EPKYR,19111012,19111010,19101010,19111011,27121210
JCAT9MX2X18H,23171521,32161416,19101010,19141311,32101110
VZPVWLL5V2H3,23171524,23171541,27121313,11151110,19101010
R6N18BEQERFT,19101314,19101313,27121210,19141311,19101010
90MX7ACCDZZC,27121210,32161416,32131011,19101010,27111222
BVN7NPRB58YJ,11151110,11151010,21121410,25111110,32161416
E98WP94P4JWR,32161416,19141311,27121210,23151114,23151115
GZXRI7SIS1BW,32161416,19101010,19141311,19111010,26131114
MK3FNXTIWFKL,32131011,27121210,27111222,27121313,23151111
G72MF4SRN6M6,32161416,32121312,32161010,23101010,21121210
6T4UFEL6246H,23151010,32161416,23171521,11211010,27121210
FA489CBI2MKN,19101010,32161416,19141311,19141110,26131114
HHBVMDCDOETP,19101010,32161416,19111010,21131010,32131011
2SVHOTQF74RQ,25111110,27111222,25111518,25101110,27121210
GNA0B6NWY1MT,27111214,22111215,22101214,20311610,27121210
IO00O72Q4M8N,21131010,21131110,32161416,19101010,23171541
KOV1L28R5P03,27111222,27121210,27121313,27111214,19121416
DEMM0UEZ19YE,23171524,23101010,16141210,27121210,32131011
2TE8ECZG04J1,19101010,19141311,23171541,19111011,19111010
WNGXAM7BPQJM,27111214,27121210,27121313,27111222,32131011
BDJ7H7REDY0V,32161416,14111210,27121210,19101010,32131011
IS2JC2FO8HBF,32131526,32131011,27121210,27121313,27111214
11IKX0RB5TNG,27121210,27121510,27111222,32161416,23171524
4C7F4YGF76ST,27121210,27121313,32161416,19101010,32131011
6XIYZVNLPA5C,32131526,32161416,32121312,32131520,32171011
YC0KLR7193Q1,27121210,27121313,27111222,32161416,27111214
L39DG5RIFWR0,27121210,32131011,27121313,23151215,16141210
3RI0YARU5CP3,23171310,27121210,32131011,19101010,27121313
RFTMTTQLGZUI,23161012,23101010,23171541,23171528,23121010
UH17J8QO09VS,32161416,23171541,27121210,32131011,23171524
SO0CISUVYK28,27121210,16141210,27111222,32161416,27111214
43MO2OP6VMJO,23151010,23171521,25111518,25131710,25131810
L6KE3HRBHQW8,32171011,19111011,32161415,19111010,19111012
AO765ZC9HLU2,23171712,23171524,23171541,23171511,19111010
0YNCXLL4ZKLO,32161416,11211010,23171541,32121312,25111610
70N9EM9NR73W,19111010,19101010,19111011,14111117,19111012
8BZ9T30B69C4,32161416,32151010,32161415,32161010,16141210
3HZCD3GEQ10F,20101310,22101214,27111214,27111222,20341110
58UBCISJPCJD,19141311,19101010,19111010,19141110,16141210
MJDIMBM271W1,15111011,32161416,15111013,32131011,27121210
BA5MF36BCPWE,27121210,32161416,25111110,32131011,25111518
8JVH7UJODCK8,21131010,21131110,19101010,21121210,27121210
GN8NL4J1OF25,19101010,32161416,19111010,27121210,32101010
YK1W031MPYYN,19111012,19111010,19111011,32161416,23171810
0NHB62HLN6GO,19111011,23171541,32131011,23171410,27121210
FQTNDY69620Z,16141210,32131011,27121210,23171524,32161416
XBAAC6QDCV2I,32131011,27121210,27111222,27121313,27111214
D0LQ1MZ9K33T,32161416,19101010,32131011,19111010,27121210
MQDMJ9IXS6LD,21131110,21111510,21121010,21131010,19101010
PPN74PF4IO2X,32161416,27121210,19101010,32101010,32131510
L9MQ11PHLSQK,32161416,11221117,11151110,27121210,36161117
UR0K8OIG4E8Q,27121210,32131011,32161416,15111011,19101010
LYZJ0AEOORBT,19111010,19141311,19101010,19111012,19141110
EGI3QUPXBFEJ,32161416,23121010,27121210,23151010,32131011
ASNWYWRRATAT,27111214,27121313,27121210,27111222,32131011
UOV51ZLBORIQ,21111510,20251010,21121110,21121010,21131110
KGICX7FNBA3V,25111518,23171510,20341110,20311610,19111011
9A7ZZ99HH4RW,23171524,23171541,27121210,32131011,27111320
FXUJ5OGQJT4N,23171510,32161416,32121312,23171524,23171541
7PQ4DDV283BD,32161416,19111010,19111012,15111013,32131011
H2TN8B8ZUFJW,27121210,32131011,19101010,32161416,16141210
2YGNMBY49E7E,12101212,27111214,27111222,27121313,12101010
EYEB900YEH8U,19161012,23101010,23111310,23171524,23121010
ONBVPXD06JGY,32121312,25111110,32161416,23171541,32161311
PXZQU3O193X2,27121210,32131011,19101010,27121313,22101214
X9I0TUEY6EMD,23171310,23171410,27111320,20351010,11221117
08KIMGKAR9OW,19111011,19111010,19101010,32161416,19111012
HVDQ0MJKKEGV,32171011,25111610,19111011,25111310,19111010
HZTAY12YIVFQ,27121210,27121313,15111013,32131011,27111320
87JLGTVXJJDH,20291110,11151110,14111117,20321022,17141810
20UPRB2JA2LP,32161416,21111110,27121210,32131011,21131110
CQ7G4ASMZX4N,23171541,19101010,27111222,32161416,11221117
EN2Z7MB41G87,27121210,16141210,19101010,32151018,20251510
YEMNNPIKZPXB,20251510,32101010,27121210,20341110,32131011
H55HEWLGJE2A,15111013,20341110,12101212,27121210,32131011
U2GYIAW7FOE4,12101212,23151114,11151110,19141311,19101010
CMBVPTGSIVHX,32131011,19101010,27121210,19141311,19111010
NJSLEU1S5N18,15111011,21121110,11221117,21121010,36161126
XBWLWM5JLSBO,32161416,19101010,19141311,27121210,26131114
4267YURNZP1O,27121210,32131011,32161416,16141210,27121313
HSSBELRQVSLW,32131526,19141311,19101010,19111010,25111110
6OI9DI53CD0Z,27101212,23161012,32161416,16141210,23161015
PY06FTLO4QDB,32161416,27121210,32131011,23171541,19101010
WHVNZH13CD5G,27111214,27121210,27121313,23121311,27111222
HXCX8G4XU43L,27121210,32131011,27121313,16141210,27101110
4VKNQUFEUCXS,27101212,27121510,11191413,27121210,19121711
JP289WAYM9Q1,27121210,19111011,32131011,11211211,19111010
KXXKXNOAD78Q,32161416,23171521,27111214,27121313,32161415
SMADO8E7FLQH,23171524,23171541,23171712,19101010,16141210
S62C1JLOPO6J,23151115,23151114,21131010,32161416,19101010
ZLGLEOHIFK0V,32151018,21131010,21131110,20291110,27111222
0FGYNSATCQEW,27121210,32131011,32151018,21131010,27121313
ZSB6ZWKHE9I0,32131526,32171011,32131510,32161416,27121210
9DCNWMBXEK0Q,19141311,19101010,19111012,19111010,32161416
3416UKLNOLBA,26131114,32151013,32131526,32161416,23171541
6G1EBZGFLIG5,23171524,32161416,23171716,19111010,32151013
RS210Q2LG1ZH,11211010,20341110,32161416,23171524,23171541
4W713QNVY4H0,19101010,19111010,11211010,23171541,19141311
XP9N56NYXTXM,19111012,19111010,19101010,19111011,27121210
VON8PVWJAZQ4,27121313,27111222,27121210,19101010,32161311
5C098JRPG739,23151010,23171521,27121210,27121313,23171541
MHVKCXALLSSF,19101010,32161416,27121210,19111010,20341110
PWY0TUZG2VG3,22111215,12101212,22101214,23111310,21131010
NF9W5N9C70PA,27121210,19131211,27111214,27121313,27111222
11DE1YU96AG0,32161416,19141311,19101010,27121210,26131114
FEBE5407K5W1,27121210,32131011,16141210,16141110,27101110
ITWPHKOKPY98,12101310,20291110,32161416,27121210,32131011
6HFD7LTTC954,19111012,19101010,19111010,11151110,19141311
E7SH6S0OK0Y0,32161416,19101010,19141311,27121210,11221117
ZZYAGZR64L4Y,27111221,36161117,36161120,36161112,36161124
WUDCBL4CE7PK,19101010,22111215,23171524,16141210,32161416
ETPG2O8XGHIY,27121210,27111320,32131011,19101010,32131520
LZ6WKKMY5TG5,23171541,19101010,27121210,23171510,20341110
YTE9AFPP7SDW,27101212,27121510,27111320,27121210,32131011
ED9Q7GQJT510,14111117,27121210,32131011,14111210,14111115
XC45BNCCU3FG,32161416,16141210,27121210,27121313,32131011
EHPZRV7VSYJA,27121210,32161416,32131011,27121313,36161117
EAZVW7NJKHVY,32161416,19101010,19111010,32151014,27121210
LJQKCJEV9ZUY,23171524,23171541,32161416,27121210,23171510
XIRJ6D60AJBV,19111010,19111011,20251510,20341110,20311510
JE7XQTY6M79F,27101212,27121510,27121210,32131011,32171011
7JCSJPKB4PPE,19111011,19111010,19101010,19111012,19141311
TRP0J43D5IQV,32131011,27121210,12101212,15111013,32161416
DBFXA2WD7772,23171541,23171510,23171712,23171524,21131110
TNYFM7VH30QB,27121210,32131011,27111222,27121313,27111214
MUB6QFY2B73R,19111011,19111012,16141210,19111010,19101010
WX0I3A4KFOCN,23171716,11181013,11181014,11211010,23171524
X717HW0BUPMT,16141210,32131011,27121210,36111110,11121110
PGNIFPVDEYCZ,32131526,27121210,32131011,19101010,19141311
VL7UO4G4IQ9E,19111011,19111010,19111012,19101010,27121210
FQ84GD5YSHGP,27121210,27111222,27121313,19111011,19111010
0R3I9HUKP6JR,27121313,27111214,27121210,27121013,19111010
ZNSGWOC4191H,19101010,19111012,19111010,19141311,19141110
CVEDQFC1YUZP,16141210,19101010,15111013,19121416,27121210
QJS7I58UP6J3,32161416,27121210,19101010,32131011,23111410
YTUAGDL1J2VW,32161416,23171712,19101010,27121210,32131011
QW35F5SAYRSZ,11221117,32161416,22111416,27121210,19101010
EU74S5TR21EJ,32131111,27111320,32121312,11221117,21141810
JPVKTAF6BLBV,22111215,22101213,22101214,22101210,25111518
L4RFQCD0Y4Q9,20251510,20341110,16141210,13101010,20311510
DYUAJ2OBTCW6,27121210,19101010,19111010,32161416,23171528
PEEK035N8CQP,23171528,23171710,23121010,32161416,23171541
J51KPSZ6W8WB,19111010,19101010,19111012,19111011,27121210
2BE6OORMR9P9,19111011,19111010,19111012,19101010,19141311
HH41QKIIE80Y,23101010,23111310,23171524,23121010,16141210
984HZCS7GFM9,19141311,19101010,19111011,19111010,19131211
1OR4SDA9W4K7,36111110,27111222,19141311,19101010,27121313
ELHRX5M8NZF6,27121210,23121010,23171541,32131011,26131114
QBT55REBXGKY,32151014,14111210,32161416,32151018,19141311
7921YK9XPFO8,15111011,32161416,27121210,19101010,23171541
GJCJ5DOH59G5,23171511,23171510,23171712,23171310,23171810
518RWDJ4VTRZ,32131111,32121312,27111214,23161012,32161416
U5D0MYSF699P,23121311,23111310,23121010,27121210,19111011
A6TDXJ1WQQOQ,23171710,23171810,14111117,14111114,19111011
AL23IQG1OJL9,19121416,19111011,19121011,19101010,19111010
S407EE6GR37P,32131526,32161311,21131110,25131710,25131410
AB40OOBAGXKK,23171524,19101010,32171011,19111010,19141311
WXXDW2MVHPL2,19101010,19111011,19111012,19111010,36161120
ADNOKKU3S710,27121210,32131011,32161416,32131526,32101110
J590EMC20LSJ,32161416,19111010,32151018,11151110,19111012
8JX54PEGJKS4,32131526,32161416,19101010,23171541,32151014
5XBIGUJ9CWI2,32161416,19101010,23171541,19111010,19111012
PW5K0JJSP49C,15111013,26111210,26111010,21131010,32161416
N5FIC40N8MZ5,32161416,32121312,21131110,11211010,32151013
43UR4MFJHOJA,15111013,15111011,27121210,32121010,19101010
RW4VNZVZN2HL,19111012,19111011,19111010,32161416,27111222
VGYIHUIVGAYI,32131526,16141210,27121210,32101010,32131011
BZUO7MTCOYJ6,23151010,23171521,32161416,19101010,27121210
QXMCTHPHJ3MU,21131110,32161416,21131010,27121210,19101010
PN7Y853J5SFM,27121210,32131011,19111010,27111222,19111012
KEYZ7SRCBPLJ,32161416,32131011,27121210,19101010,16141210
T9PC72EQ8AO1,19101010,19141311,19101710,19141110,19111011
M4YYQ342DYQZ,23171541,32161416,23171310,19101010,19141311
N68BNI976F7P,25111110,32151018,27121210,32161416,19141112
DJM5GH2IJ4TT,27121210,32131011,27121313,12101212,27111222
8UA3A6S5ZXQO,32121312,21121010,21121210,21131110,32161416
AMNJ8PL3M871,19111010,19101010,27121210,19111012,11221117
66D7WDJV07IR,32161416,19111010,27121210,19101010,32131011
E8E5TNLZTWXO,32131516,36111110,32131526,11121110,12101212
ZG85S9ASJ21G,32131526,32161416,23171510,19111012,19101010
60K23Z2Y3C0E,27121210,32131011,27121313,27111214,19101010
2D5VR2BKF59V,27121210,11151110,32161416,19101010,27101212
UDC32GY422KK,27121210,27111214,27111221,27121313,27111222
929U6WTVMK2Z,19111011,19111010,19111012,32161416,19101010
A42S5WW7XHF4,27121210,19101010,11221117,32131011,32161416
HPITZA7UY4SA,16141210,32161416,32131011,27121210,16141110
SF9NRMOZL65X,32161416,23121010,23111310,23101010,27121210
Y595CPJZE1XT,19101010,23171521,27121210,19141311,27121313
FS7I19MO1RTS,27121210,27111222,32131011,27121313,27111214
NEKRCPPRCJIW,19141110,19141311,19101010,27121210,32161416
2AUBNBWGSKWD,23171521,23151010,19101010,23171541,32101110
AEDMLAV3W9O0,21131110,23121010,32161416,21121110,21121010
0BG5M61ISVUC,27111320,25111610,27121210,36161117,27121313
UZ8DU9V45D3D,20251510,13101010,20251110,20341110,21131110
KHBEDBPBX2X0,32131011,16141110,27121210,16141210,27101212
HRUJ9YCSRK5S,27111320,19111011,11191413,27121210,19101010
5C21O6WW8EIR,25111610,21111510,21121010,20251010,21121110
4T60PLOZJCNS,19111011,27111214,32161416,27121313,12131213
D3BGNPYHRFOZ,19141311,19101010,19141110,19101710,32161415
N6O9JD3IH66W,32161416,19101010,19111010,32161415,27121210
K658OV5E1HQB,26131114,32161416,32151013,27121210,16141210
4P220X3OBKJQ,20341110,27121210,20341227,19111012,19101010
12WUW60N330P,27121210,19101010,32131011,15111013,19111010
XNMJ5IAN8ND7,19141311,23171541,32131111,19101010,32131011
LJAF4WNSMW5G,19111012,19111010,32161416,19101010,27121210
ASIKZOIEASU2,27121210,32131011,23171541,27111222,23171810
WB3ESHHETZXA,19141110,26111210,26111010,25111110,25111610
ESMCOUEZ7RYC,26131114,32131526,32161416,32151013,27121210
Y423PACE2F34,19111012,32131011,27121210,16141210,19101010
5CITUF8CYOTW,11151110,32161416,23171524,32131011,19111010
